Team,Year,Total_Rest_Days,Total_Distance_Traveled,Total_Points_For,Total_Points_Allowed,Total_Yards,Rush_Yards,Pass_Yards,Total_Opp_Yards,Opp_Rush_Yards,Opp_Pass_Yards,Win_Percentage,PF_Per_Game,PA_Per_Game,Yds_Per_game,Rush_Yds_Per_Game,Pass_YDs_Per_game,Opp_Yds_Per_Game,Opp_Rush_Yds_Per_game,Opp_Pass_Yds_Per_game,PD,Yds_DIff,PD_Per_Game,Yds_Diff_Per_Game,Playoff,SOS
Arizona Cardinals,2015,122 days,11709.95494,489,313,6533,1917,4616,5147,1460,3687,0.8125,30.5625,19.5625,408.3125,119.8125,288.5,321.6875,91.25,230.4375,176.0,1386.0,11.0,86.625,ConfChamp,0.472656
Arizona Cardinals,2016,122 days,10602.45904,418,362,5868,1732,4136,4883,1518,3365,0.4375,26.125,22.625,366.75,108.25,258.5,305.1875,94.875,210.3125,56.0,985.0,3.5,61.5625,None,0.457031
Arizona Cardinals,2017,122 days,10284.25879,295,361,5026,1386,3640,4973,1432,3541,0.5,18.4375,22.5625,314.125,86.625,227.5,310.8125,89.5,221.3125,-66.0,53.0,-4.125,3.3125,None,0.488281
Arizona Cardinals,2018,122 days,7852.459252,225,425,3865,1342,2523,5741,2479,3262,0.1875,14.0625,26.5625,241.5625,83.875,157.6875,358.8125,154.9375,203.875,-200.0,-1876.0,-12.5,-117.25,None,0.523438
Arizona Cardinals,2019,122 days,10868.19035,361,442,5467,1990,3477,6432,1922,4510,0.3125,22.5625,27.625,341.6875,124.375,217.3125,402.0,120.125,281.875,-81.0,-965.0,-5.0625,-60.3125,None,0.527344
Arizona Cardinals,2020,122 days,11260.87118,410,367,6153,2237,3916,5631,2008,3623,0.5,25.625,22.9375,384.5625,139.8125,244.75,351.9375,125.5,226.4375,43.0,522.0,2.6875,32.625,None,0.0234375
Atlanta Falcons,2015,121 days,5128.173914,339,345,5985,1606,4379,5562,1680,3882,0.5,21.1875,21.5625,374.0625,100.375,273.6875,347.625,105.0,242.625,-6.0,423.0,-0.375,26.4375,None,0.480469
Atlanta Falcons,2016,122 days,9173.008976,540,406,6653,1928,4725,5939,1672,4267,0.6875,33.75,25.375,415.8125,120.5,295.3125,371.1875,104.5,266.6875,134.0,714.0,8.375,44.625,SuperBowl,0.476562
Atlanta Falcons,2017,122 days,6085.015811,353,315,5837,1847,3990,5094,1665,3429,0.625,22.0625,19.6875,364.8125,115.4375,249.375,318.375,104.0625,214.3125,38.0,743.0,2.375,46.4375,Division,0.542969
Atlanta Falcons,2018,125 days,4121.236319,414,423,6226,1573,4653,6152,1999,4153,0.4375,25.875,26.4375,389.125,98.3125,290.8125,384.5,124.9375,259.5625,-9.0,74.0,-0.5625,4.625,None,0.476562
Atlanta Falcons,2019,122 days,6780.5699,381,399,6075,1361,4714,5693,1775,3918,0.4375,23.8125,24.9375,379.6875,85.0625,294.625,355.8125,110.9375,244.875,-18.0,382.0,-1.125,23.875,None,0.542969
Atlanta Falcons,2020,122 days,6104.662637,396,414,5895,1532,4363,6374,1677,4697,0.25,24.75,25.875,368.4375,95.75,272.6875,398.375,104.8125,293.5625,-18.0,-479.0,-1.125,-29.9375,None,0.0507812
Baltimore Ravens,2015,122 days,10235.1202,328,401,5749,1478,4271,5398,1661,3737,0.3125,20.5,25.0625,359.3125,92.375,266.9375,337.375,103.8125,233.5625,-73.0,351.0,-4.5625,21.9375,None,0.507812
Baltimore Ravens,2016,122 days,3494.410161,343,321,5563,1463,4100,5154,1430,3724,0.5,21.4375,20.0625,347.6875,91.4375,256.25,322.125,89.375,232.75,22.0,409.0,1.375,25.5625,None,0.492188
Baltimore Ravens,2017,122 days,6271.3978,395,303,4886,1856,3030,5201,1780,3421,0.5625,24.6875,18.9375,305.375,116.0,189.375,325.0625,111.25,213.8125,92.0,-315.0,5.75,-19.6875,None,0.441406
Baltimore Ravens,2018,122 days,5763.584857,389,287,5999,2441,3558,4687,1327,3360,0.625,24.3125,17.9375,374.9375,152.5625,222.375,292.9375,82.9375,210.0,102.0,1312.0,6.375,82.0,WildCard,0.488281
Baltimore Ravens,2019,122 days,7777.669814,531,282,6521,3296,3225,4809,1494,3315,0.875,33.1875,17.625,407.5625,206.0,201.5625,300.5625,93.375,207.1875,249.0,1712.0,15.5625,107.0,Division,0.492188
Baltimore Ravens,2020,122 days,3168.714865,468,303,5810,3071,2739,5276,1740,3536,0.6875,29.25,18.9375,363.125,191.9375,171.1875,329.75,108.75,221.0,165.0,534.0,10.3125,33.375,Division,0.03125
Buffalo Bills,2015,122 days,4766.935473,379,359,5775,2432,3343,5702,1730,3972,0.5,23.6875,22.4375,360.9375,152.0,208.9375,356.375,108.125,248.25,20.0,73.0,1.25,4.5625,None,0.507812
Buffalo Bills,2016,122 days,9145.08855,399,378,5666,2630,3036,5712,2130,3582,0.4375,24.9375,23.625,354.125,164.375,189.75,357.0,133.125,223.875,21.0,-46.0,1.3125,-2.875,None,0.476562
Buffalo Bills,2017,122 days,6580.945591,302,359,4842,2017,2825,5682,1994,3688,0.5625,18.875,22.4375,302.625,126.0625,176.5625,355.125,124.625,230.5,-57.0,-840.0,-3.5625,-52.5,WildCard,0.492188
Buffalo Bills,2018,122 days,5058.578433,269,374,4778,1984,2794,4706,1839,2867,0.375,16.8125,23.375,298.625,124.0,174.625,294.125,114.9375,179.1875,-105.0,72.0,-6.5625,4.5,None,0.519531
Buffalo Bills,2019,122 days,4334.725184,314,259,5283,2054,3229,4772,1649,3123,0.625,19.625,16.1875,330.1875,128.375,201.8125,298.25,103.0625,195.1875,55.0,511.0,3.4375,31.9375,WildCard,0.460938
Buffalo Bills,2020,122 days,9998.322354,501,375,6343,1723,4620,5640,1914,3726,0.8125,31.3125,23.4375,396.4375,107.6875,288.75,352.5,119.625,232.875,126.0,703.0,7.875,43.9375,ConfChamp,0.0234375
Carolina Panthers,2015,122 days,5778.397987,500,308,5871,2282,3589,5167,1415,3752,0.9375,31.25,19.25,366.9375,142.625,224.3125,322.9375,88.4375,234.5,192.0,704.0,12.0,44.0,SuperBowl,0.441406
Carolina Panthers,2016,125 days,9718.150176,369,402,5499,1814,3685,5756,1465,4291,0.375,23.0625,25.125,343.6875,113.375,230.3125,359.75,91.5625,268.1875,-33.0,-257.0,-2.0625,-16.0625,None,0.511719
Carolina Panthers,2017,122 days,5966.106914,363,327,5179,2102,3077,5074,1409,3665,0.6875,22.6875,20.4375,323.6875,131.375,192.3125,317.125,88.0625,229.0625,36.0,105.0,2.25,6.5625,WildCard,0.539062
Carolina Panthers,2018,122 days,3460.863273,376,382,5972,2136,3836,5651,1804,3847,0.4375,23.5,23.875,373.25,133.5,239.75,353.1875,112.75,240.4375,-6.0,321.0,-0.375,20.0625,None,0.503906
Carolina Panthers,2019,122 days,7507.484231,340,470,5469,1819,3650,5992,2296,3696,0.3125,21.25,29.375,341.8125,113.6875,228.125,374.5,143.5,231.0,-130.0,-523.0,-8.125,-32.6875,None,0.546875
Carolina Panthers,2020,122 days,6309.095349,350,402,5592,1704,3888,5761,1936,3825,0.3125,21.875,25.125,349.5,106.5,243.0,360.0625,121.0,239.0625,-52.0,-169.0,-3.25,-10.5625,None,0.03125
Chicago Bears,2015,122 days,5850.61864,335,397,5514,1854,3660,5550,1934,3616,0.375,20.9375,24.8125,344.625,115.875,228.75,346.875,120.875,226.0,-62.0,-36.0,-3.875,-2.25,None,0.546875
Chicago Bears,2016,122 days,4377.752964,279,399,5704,1735,3969,5548,1950,3598,0.1875,17.4375,24.9375,356.5,108.4375,248.0625,346.75,121.875,224.875,-120.0,156.0,-7.5,9.75,None,0.519531
Chicago Bears,2017,122 days,4157.35388,264,320,4599,1788,2811,5106,1730,3376,0.3125,16.5,20.0,287.4375,111.75,175.6875,319.125,108.125,211.0,-56.0,-507.0,-3.5,-31.6875,None,0.558594
Chicago Bears,2018,122 days,6377.191925,421,283,5502,1938,3564,4795,1280,3515,0.75,26.3125,17.6875,343.875,121.125,222.75,299.6875,80.0,219.6875,138.0,707.0,8.625,44.1875,WildCard,0.421875
Chicago Bears,2019,125 days,6466.122604,280,298,4749,1458,3291,5186,1632,3554,0.5,17.5,18.625,296.8125,91.125,205.6875,324.125,102.0,222.125,-18.0,-437.0,-1.125,-27.3125,None,0.503906
Chicago Bears,2020,122 days,4963.729645,372,370,5302,1647,3655,5519,1814,3705,0.5,23.25,23.125,331.375,102.9375,228.4375,344.9375,113.375,231.5625,2.0,-217.0,0.125,-13.5625,WildCard,0.0273438
Cincinnati Bengals,2015,122 days,7980.47389,419,279,5728,1805,3923,5453,1477,3976,0.75,26.1875,17.4375,358.0,112.8125,245.1875,340.8125,92.3125,248.5,140.0,275.0,8.75,17.1875,WildCard,0.476562
Cincinnati Bengals,2016,122 days,4441.247605,325,315,5711,1769,3942,5612,1812,3800,0.375,20.3125,19.6875,356.9375,110.5625,246.375,350.75,113.25,237.5,10.0,99.0,0.625,6.1875,None,0.519531
Cincinnati Bengals,2017,122 days,3827.828388,290,349,4488,1366,3122,5425,2046,3379,0.4375,18.125,21.8125,280.5,85.375,195.125,339.0625,127.875,211.1875,-59.0,-937.0,-3.6875,-58.5625,None,0.464844
Cincinnati Bengals,2018,122 days,4145.584665,368,455,4972,1682,3290,6618,2204,4414,0.375,23.0,28.4375,310.75,105.125,205.625,413.625,137.75,275.875,-87.0,-1646.0,-5.4375,-102.875,None,0.527344
Cincinnati Bengals,2019,122 days,8125.274807,279,420,5169,1517,3652,6299,2382,3917,0.125,17.4375,26.25,323.0625,94.8125,228.25,393.6875,148.875,244.8125,-141.0,-1130.0,-8.8125,-70.625,None,0.550781
Cincinnati Bengals,2020,122 days,3705.175463,311,424,5116,1668,3448,6227,2368,3859,0.25,19.4375,26.5,319.75,104.25,215.5,389.1875,148.0,241.1875,-113.0,-1111.0,-7.0625,-69.4375,None,0.0234375
Cleveland Browns,2015,122 days,6257.993909,278,432,5311,1529,3782,6067,2055,4012,0.1875,17.375,27.0,331.9375,95.5625,236.375,379.1875,128.4375,250.75,-154.0,-756.0,-9.625,-47.25,None,0.53125
Cleveland Browns,2016,122 days,2994.418333,264,452,4976,1712,3264,6279,2283,3996,0.0625,16.5,28.25,311.0,107.0,204.0,392.4375,142.6875,249.75,-188.0,-1303.0,-11.75,-81.4375,None,0.542969
Cleveland Browns,2017,122 days,4448.66457,234,410,4942,1714,3228,5250,1566,3684,0.0,14.625,25.625,308.875,107.125,201.75,328.125,97.875,230.25,-176.0,-308.0,-11.0,-19.25,None,0.519531
Cleveland Browns,2018,122 days,6919.806885,359,392,5900,1893,4007,6288,2163,4125,0.4375,22.4375,24.5,368.75,118.3125,250.4375,393.0,135.1875,257.8125,-33.0,-388.0,-2.0625,-24.25,None,0.511719
Cleveland Browns,2019,122 days,6652.209676,335,393,5455,1901,3554,5785,2315,3470,0.375,20.9375,24.5625,340.9375,118.8125,222.125,361.5625,144.6875,216.875,-58.0,-330.0,-3.625,-20.625,None,0.53125
Cleveland Browns,2020,122 days,3666.785159,408,419,5913,2374,3539,5735,1773,3962,0.6875,25.5,26.1875,369.5625,148.375,221.1875,358.4375,110.8125,247.625,-11.0,178.0,-0.6875,11.125,Division,0.0234375
Dallas Cowboys,2015,122 days,8482.324397,275,374,5361,1890,3471,5569,1934,3635,0.25,17.1875,23.375,335.0625,118.125,216.9375,348.0625,120.875,227.1875,-99.0,-208.0,-6.1875,-13.0,None,0.523438
Dallas Cowboys,2016,122 days,9151.978573,421,306,6027,2396,3631,5503,1336,4167,0.8125,26.3125,19.125,376.6875,149.75,226.9375,343.9375,83.5,260.4375,115.0,524.0,7.1875,32.75,Division,0.464844
Dallas Cowboys,2017,122 days,8970.749815,354,332,5311,2170,3141,5089,1664,3425,0.5625,22.125,20.75,331.9375,135.625,196.3125,318.0625,104.0,214.0625,22.0,222.0,1.375,13.875,None,0.496094
Dallas Cowboys,2018,122 days,8151.959133,339,324,5501,1963,3538,5268,1513,3755,0.625,21.1875,20.25,343.8125,122.6875,221.125,329.25,94.5625,234.6875,15.0,233.0,0.9375,14.5625,Division,0.488281
Dallas Cowboys,2019,122 days,8976.228598,434,321,6904,2153,4751,5232,1656,3576,0.5,27.125,20.0625,431.5,134.5625,296.9375,327.0,103.5,223.5,113.0,1672.0,7.0625,104.5,None,0.476562
Dallas Cowboys,2020,122 days,9613.517042,395,473,5949,1788,4161,6183,2541,3642,0.375,24.6875,29.5625,371.8125,111.75,260.0625,386.4375,158.8125,227.625,-78.0,-234.0,-4.875,-14.625,None,0.0390625
Denver Broncos,2015,122 days,7803.991379,355,296,5688,1718,3970,4530,1337,3193,0.75,22.1875,18.5,355.5,107.375,248.125,283.125,83.5625,199.5625,59.0,1158.0,3.6875,72.375,SuperBowlW,0.5
Denver Broncos,2016,125 days,8428.073749,333,297,5169,1484,3685,5057,2085,2972,0.5625,20.8125,18.5625,323.0625,92.75,230.3125,316.0625,130.3125,185.75,36.0,112.0,2.25,7.0,None,0.546875
Denver Broncos,2017,121 days,9385.226224,289,382,5185,1852,3333,4640,1430,3210,0.3125,18.0625,23.875,324.0625,115.75,208.3125,290.0,89.375,200.625,-93.0,545.0,-5.8125,34.0625,None,0.492188
Denver Broncos,2018,122 days,8049.175644,329,349,5602,1907,3695,5842,1913,3929,0.375,20.5625,21.8125,350.125,119.1875,230.9375,365.125,119.5625,245.5625,-20.0,-240.0,-1.25,-15.0,None,0.519531
Denver Broncos,2019,121 days,7122.258597,282,316,4777,1662,3115,5392,1783,3609,0.4375,17.625,19.75,298.5625,103.875,194.6875,337.0,111.4375,225.5625,-34.0,-615.0,-2.125,-38.4375,None,0.507812
Denver Broncos,2020,121 days,9172.128313,323,446,5369,1918,3451,5887,2080,3807,0.3125,20.1875,27.875,335.5625,119.875,215.6875,367.9375,130.0,237.9375,-123.0,-518.0,-7.6875,-32.375,None,0.0351562
Detroit Lions,2015,122 days,6915.840667,358,400,5547,1335,4212,5594,1808,3786,0.4375,22.375,25.0,346.6875,83.4375,263.25,349.625,113.0,236.625,-42.0,-47.0,-2.625,-2.9375,None,0.53125
Detroit Lions,2016,122 days,4753.842191,346,358,5421,1310,4111,5676,1701,3975,0.5625,21.625,22.375,338.8125,81.875,256.9375,354.75,106.3125,248.4375,-12.0,-255.0,-0.75,-15.9375,WildCard,0.472656
Detroit Lions,2017,122 days,4084.34849,410,376,5404,1221,4183,5692,1800,3892,0.5625,25.625,23.5,337.75,76.3125,261.4375,355.75,112.5,243.25,34.0,-288.0,2.125,-18.0,None,0.496094
Detroit Lions,2018,121 days,7128.829616,324,360,5236,1660,3576,5360,1761,3599,0.375,20.25,22.5,327.25,103.75,223.5,335.0,110.0625,224.9375,-36.0,-124.0,-2.25,-7.75,None,0.496094
Detroit Lions,2019,122 days,6735.465986,341,423,5549,1649,3900,6406,1855,4551,0.1875,21.3125,26.4375,346.8125,103.0625,243.75,400.375,115.9375,284.4375,-82.0,-857.0,-5.125,-53.5625,None,0.503906
Detroit Lions,2020,122 days,5083.306484,377,519,5603,1499,4104,6716,2158,4558,0.3125,23.5625,32.4375,350.1875,93.6875,256.5,419.75,134.875,284.875,-142.0,-1113.0,-8.875,-69.5625,None,0.046875
Green Bay Packers,2015,122 days,7484.932967,368,323,5353,1850,3503,5547,1905,3642,0.625,23.0,20.1875,334.5625,115.625,218.9375,346.6875,119.0625,227.625,45.0,-194.0,2.8125,-12.125,Division,0.535156
Green Bay Packers,2016,122 days,4501.381345,432,388,5900,1701,4199,5823,1515,4308,0.625,27.0,24.25,368.75,106.3125,262.4375,363.9375,94.6875,269.25,44.0,77.0,2.75,4.8125,ConfChamp,0.503906
Green Bay Packers,2017,122 days,4035.028364,320,384,4891,1724,3167,5582,1793,3789,0.4375,20.0,24.0,305.6875,107.75,197.9375,348.875,112.0625,236.8125,-64.0,-691.0,-4.0,-43.1875,None,0.539062
Green Bay Packers,2018,122 days,6404.242699,376,400,5905,1667,4238,5670,1918,3752,0.375,23.5,25.0,369.0625,104.1875,264.875,354.375,119.875,234.5,-24.0,235.0,-1.5,14.6875,None,0.484375
Green Bay Packers,2019,125 days,6474.975672,376,313,5528,1795,3733,5642,1921,3721,0.8125,23.5,19.5625,345.5,112.1875,233.3125,352.625,120.0625,232.5625,63.0,-114.0,3.9375,-7.125,ConfChamp,0.449219
Green Bay Packers,2020,122 days,6140.220629,509,369,6224,2118,4106,5344,1805,3539,0.8125,31.8125,23.0625,389.0,132.375,256.625,334.0,112.8125,221.1875,140.0,880.0,8.75,55.0,ConfChamp,0.015625
Houston Texans,2015,122 days,7029.809548,339,313,5564,1731,3833,4963,1597,3366,0.5625,21.1875,19.5625,347.75,108.1875,239.5625,310.1875,99.8125,210.375,26.0,601.0,1.625,37.5625,WildCard,0.496094
Houston Texans,2016,122 days,8471.761379,279,328,5035,1859,3176,4821,1595,3226,0.5625,17.4375,20.5,314.6875,116.1875,198.5,301.3125,99.6875,201.625,-49.0,214.0,-3.0625,13.375,Division,0.5
Houston Texans,2017,122 days,9225.82442,338,436,5120,1842,3278,5546,1747,3799,0.25,21.125,27.25,320.0,115.125,204.875,346.625,109.1875,237.4375,-98.0,-426.0,-6.125,-26.625,None,0.515625
Houston Texans,2018,122 days,8649.325271,402,316,5802,2021,3781,5490,1323,4167,0.6875,25.125,19.75,362.625,126.3125,236.3125,343.125,82.6875,260.4375,86.0,312.0,5.375,19.5,WildCard,0.46875
Houston Texans,2019,121 days,6659.599405,378,385,5792,2009,3783,6213,1937,4276,0.625,23.625,24.0625,362.0,125.5625,236.4375,388.3125,121.0625,267.25,-7.0,-421.0,-0.4375,-26.3125,Division,0.519531
Houston Texans,2020,125 days,7167.344239,384,464,6004,1466,4538,6668,2564,4104,0.25,24.0,29.0,375.25,91.625,283.625,416.75,160.25,256.5,-80.0,-664.0,-5.0,-41.5,None,0.0429688
Indianapolis Colts,2015,122 days,4423.875618,333,408,5142,1438,3704,6066,1952,4114,0.5,20.8125,25.5,321.375,89.875,231.5,379.125,122.0,257.125,-75.0,-924.0,-4.6875,-57.75,None,0.5
Indianapolis Colts,2016,122 days,6172.354475,411,392,5830,1628,4202,6126,1926,4200,0.5,25.6875,24.5,364.375,101.75,262.625,382.875,120.375,262.5,19.0,-296.0,1.1875,-18.5,None,0.492188
Indianapolis Colts,2017,122 days,6516.756021,263,404,4553,1661,2892,5873,1927,3946,0.25,16.4375,25.25,284.5625,103.8125,180.75,367.0625,120.4375,246.625,-141.0,-1320.0,-8.8125,-82.5,None,0.480469
Indianapolis Colts,2018,122 days,6207.976142,433,344,6179,1718,4461,5435,1630,3805,0.625,27.0625,21.5,386.1875,107.375,278.8125,339.6875,101.875,237.8125,89.0,744.0,5.5625,46.5,Division,0.464844
Indianapolis Colts,2019,122 days,5912.709986,361,373,5238,2130,3108,5549,1567,3982,0.4375,22.5625,23.3125,327.375,133.125,194.25,346.8125,97.9375,248.875,-12.0,-311.0,-0.75,-19.4375,None,0.492188
Indianapolis Colts,2020,122 days,4361.468878,451,362,6049,1996,4053,5314,1448,3866,0.6875,28.1875,22.625,378.0625,124.75,253.3125,332.125,90.5,241.625,89.0,735.0,5.5625,45.9375,WildCard,0.0234375
Jacksonville Jaguars,2015,122 days,5127.992433,376,448,5581,1473,4108,6000,1709,4291,0.3125,23.5,28.0,348.8125,92.0625,256.75,375.0,106.8125,268.1875,-72.0,-419.0,-4.5,-26.1875,None,0.472656
Jacksonville Jaguars,2016,122 days,7582.821731,318,400,5359,1631,3728,5147,1703,3444,0.1875,19.875,25.0,334.9375,101.9375,233.0,321.6875,106.4375,215.25,-82.0,212.0,-5.125,13.25,None,0.527344
Jacksonville Jaguars,2017,122 days,8376.897046,417,268,5855,2262,3593,4578,1860,2718,0.625,26.0625,16.75,365.9375,141.375,224.5625,286.125,116.25,169.875,149.0,1277.0,9.3125,79.8125,ConfChamp,0.433594
Jacksonville Jaguars,2018,122 days,5873.742616,245,316,4832,1723,3109,4983,1870,3113,0.3125,15.3125,19.75,302.0,107.6875,194.3125,311.4375,116.875,194.5625,-71.0,-151.0,-4.4375,-9.4375,None,0.546875
Jacksonville Jaguars,2019,122 days,6998.656538,300,397,5468,1708,3760,6007,2229,3778,0.375,18.75,24.8125,341.75,106.75,235.0,375.4375,139.3125,236.125,-97.0,-539.0,-6.0625,-33.6875,None,0.484375
Jacksonville Jaguars,2020,122 days,7617.442785,306,492,5218,1519,3699,6683,2452,4231,0.0625,19.125,30.75,326.125,94.9375,231.1875,417.6875,153.25,264.4375,-186.0,-1465.0,-11.625,-91.5625,None,0.03125
Kansas City Chiefs,2015,122 days,6381.234109,405,287,5299,2044,3255,5269,1571,3698,0.6875,25.3125,17.9375,331.1875,127.75,203.4375,329.3125,98.1875,231.125,118.0,30.0,7.375,1.875,Division,0.496094
Kansas City Chiefs,2016,122 days,6712.174823,389,311,5488,1748,3740,5896,1938,3958,0.75,24.3125,19.4375,343.0,109.25,233.75,368.5,121.125,247.375,78.0,-408.0,4.875,-25.5,Division,0.507812
Kansas City Chiefs,2017,125 days,7891.98922,415,339,6007,1903,4104,5842,1890,3952,0.625,25.9375,21.1875,375.4375,118.9375,256.5,365.125,118.125,247.0,76.0,165.0,4.75,10.3125,WildCard,0.476562
Kansas City Chiefs,2018,122 days,8918.37052,565,421,6810,1855,4955,6488,2114,4374,0.75,35.3125,26.3125,425.625,115.9375,309.6875,405.5,132.125,273.375,144.0,322.0,9.0,20.125,ConfChamp,0.476562
Kansas City Chiefs,2019,122 days,7082.628992,451,308,6067,1569,4498,5594,2051,3543,0.75,28.1875,19.25,379.1875,98.0625,281.125,349.625,128.1875,221.4375,143.0,473.0,8.9375,29.5625,SuperBowlW,0.507812
Kansas City Chiefs,2020,125 days,7842.970428,473,362,6653,1799,4854,5733,1954,3779,0.875,29.5625,22.625,415.8125,112.4375,303.375,358.3125,122.125,236.1875,111.0,920.0,6.9375,57.5,SuperBowl,0.0234375
Las Vegas Raiders,2015,122 days,10587.6733,359,399,5336,1457,3879,5818,1678,4140,0.4375,22.4375,24.9375,333.5,91.0625,242.4375,363.625,104.875,258.75,-40.0,-482.0,-2.5,-30.125,None,0.511719
Las Vegas Raiders,2016,122 days,11146.91606,416,385,5973,1922,4051,6001,1881,4120,0.75,26.0,24.0625,373.3125,120.125,253.1875,375.0625,117.5625,257.5,31.0,-28.0,1.9375,-1.75,WildCard,0.503906
Las Vegas Raiders,2017,122 days,11971.51987,301,373,5185,1554,3631,5601,1743,3858,0.375,18.8125,23.3125,324.0625,97.125,226.9375,350.0625,108.9375,241.125,-72.0,-416.0,-4.5,-26.0,None,0.511719
Las Vegas Raiders,2018,121 days,8586.437123,290,467,5379,1628,3751,6102,2249,3853,0.25,18.125,29.1875,336.1875,101.75,234.4375,381.375,140.5625,240.8125,-177.0,-723.0,-11.0625,-45.1875,None,0.542969
Las Vegas Raiders,2019,121 days,9854.642848,313,419,5819,1893,3926,5677,1570,4107,0.4375,19.5625,26.1875,363.6875,118.3125,245.375,354.8125,98.125,256.6875,-106.0,142.0,-6.625,8.875,None,0.480469
Las Vegas Raiders,2020,122 days,12053.81979,434,478,6133,1916,4217,6225,2013,4212,0.5,27.125,29.875,383.3125,119.75,263.5625,389.0625,125.8125,263.25,-44.0,-92.0,-2.75,-5.75,None,0.0390625
Los Angeles Chargers,2015,122 days,12223.43425,320,398,5949,1358,4591,5791,2005,3786,0.25,20.0,24.875,371.8125,84.875,286.9375,361.9375,125.3125,236.625,-78.0,158.0,-4.875,9.875,None,0.527344
Los Angeles Chargers,2016,122 days,11855.34209,410,423,5708,1510,4198,5554,1567,3987,0.3125,25.625,26.4375,356.75,94.375,262.375,347.125,97.9375,249.1875,-13.0,154.0,-0.8125,9.625,None,0.542969
Los Angeles Chargers,2017,121 days,13422.36777,355,272,6026,1595,4431,5254,2098,3156,0.5625,22.1875,17.0,376.625,99.6875,276.9375,328.375,131.125,197.25,83.0,772.0,5.1875,48.25,None,0.457031
Los Angeles Chargers,2018,122 days,9905.481236,428,329,5962,1873,4089,5339,1693,3646,0.75,26.75,20.5625,372.625,117.0625,255.5625,333.6875,105.8125,227.875,99.0,623.0,6.1875,38.9375,Division,0.472656
Los Angeles Chargers,2019,122 days,12554.1996,337,345,5879,1453,4426,5009,1805,3204,0.3125,21.0625,21.5625,367.4375,90.8125,276.625,313.0625,112.8125,200.25,-8.0,870.0,-0.5,54.375,None,0.511719
Los Angeles Chargers,2020,122 days,12726.00516,384,426,6113,1784,4329,5495,1917,3578,0.4375,24.0,26.625,382.0625,111.5,270.5625,343.4375,119.8125,223.625,-42.0,618.0,-2.625,38.625,None,0.0390625
Los Angeles Rams,2015,122 days,11432.44851,280,330,4761,1956,2805,5885,1820,4065,0.4375,17.5,20.625,297.5625,122.25,175.3125,367.8125,113.75,254.0625,-50.0,-1124.0,-3.125,-70.25,None,0.527344
Los Angeles Rams,2016,121 days,12463.54739,224,394,4203,1252,2951,5392,1660,3732,0.25,14.0,24.625,262.6875,78.25,184.4375,337.0,103.75,233.25,-170.0,-1189.0,-10.625,-74.3125,None,0.496094
Los Angeles Rams,2017,122 days,10788.3598,478,329,5784,1953,3831,5432,1957,3475,0.6875,29.875,20.5625,361.5,122.0625,239.4375,339.5,122.3125,217.1875,149.0,352.0,9.3125,22.0,WildCard,0.503906
Los Angeles Rams,2018,121 days,8212.554939,527,384,6738,2231,4507,5737,1957,3780,0.8125,32.9375,24.0,421.125,139.4375,281.6875,358.5625,122.3125,236.25,143.0,1001.0,8.9375,62.5625,SuperBowl,0.476562
Los Angeles Rams,2019,122 days,11106.63652,394,364,5998,1499,4499,5434,1809,3625,0.5625,24.625,22.75,374.875,93.6875,281.1875,339.625,113.0625,226.5625,30.0,564.0,1.875,35.25,None,0.53125
Los Angeles Rams,2020,122 days,13020.80217,372,296,6032,2018,4014,4511,1460,3051,0.625,23.25,18.5,377.0,126.125,250.875,281.9375,91.25,190.6875,76.0,1521.0,4.75,95.0625,Division,0.0234375
Miami Dolphins,2015,122 days,8706.941017,310,389,5307,1496,3811,6019,2019,4000,0.375,19.375,24.3125,331.6875,93.5,238.1875,376.1875,126.1875,250.0,-79.0,-712.0,-4.9375,-44.5,None,0.46875
Miami Dolphins,2016,122 days,12602.89564,363,380,5324,1824,3500,6122,2247,3875,0.625,22.6875,23.75,332.75,114.0,218.75,382.625,140.4375,242.1875,-17.0,-798.0,-1.0625,-49.875,WildCard,0.449219
Miami Dolphins,2017,115 days,9148.097917,281,393,4923,1388,3535,5371,1768,3603,0.375,17.5625,24.5625,307.6875,86.75,220.9375,335.6875,110.5,225.1875,-112.0,-448.0,-7.0,-28.0,None,0.542969
Miami Dolphins,2018,122 days,9166.329953,319,433,4638,1738,2900,6257,2325,3932,0.4375,19.9375,27.0625,289.875,108.625,181.25,391.0625,145.3125,245.75,-114.0,-1619.0,-7.125,-101.1875,None,0.464844
Miami Dolphins,2019,122 days,8675.623052,306,494,4960,1156,3804,6364,2166,4198,0.3125,19.125,30.875,310.0,72.25,237.75,397.75,135.375,262.375,-188.0,-1404.0,-11.75,-87.75,None,0.484375
Miami Dolphins,2020,122 days,12137.93145,404,338,5424,1688,3736,5886,1862,4024,0.625,25.25,21.125,339.0,105.5,233.5,367.875,116.375,251.5,66.0,-462.0,4.125,-28.875,None,0.0429688
Minnesota Vikings,2015,121 days,7120.074931,365,302,5139,2211,2928,5507,1748,3759,0.6875,22.8125,18.875,321.1875,138.1875,183.0,344.1875,109.25,234.9375,63.0,-368.0,3.9375,-23.0,WildCard,0.503906
Minnesota Vikings,2016,122 days,5797.598365,327,307,5041,1205,3836,5038,1711,3327,0.5,20.4375,19.1875,315.0625,75.3125,239.75,314.875,106.9375,207.9375,20.0,3.0,1.25,0.1875,None,0.488281
Minnesota Vikings,2017,121 days,5200.61709,382,252,5710,1957,3753,4415,1337,3078,0.8125,23.875,15.75,356.875,122.3125,234.5625,275.9375,83.5625,192.375,130.0,1295.0,8.125,80.9375,ConfChamp,0.492188
Minnesota Vikings,2018,122 days,7139.23475,360,341,5529,1493,4036,4955,1815,3140,0.5,22.5,21.3125,345.5625,93.3125,252.25,309.6875,113.4375,196.25,19.0,574.0,1.1875,35.875,None,0.5
Minnesota Vikings,2019,122 days,6291.825867,407,303,5656,2133,3523,5465,1728,3737,0.625,25.4375,18.9375,353.5,133.3125,220.1875,341.5625,108.0,233.5625,104.0,191.0,6.5,11.9375,Division,0.472656
Minnesota Vikings,2020,122 days,6394.50945,430,475,6292,2283,4009,6292,2151,4141,0.4375,26.875,29.6875,393.25,142.6875,250.5625,393.25,134.4375,258.8125,-45.0,0.0,-2.8125,0.0,None,0.0390625
New England Patriots,2015,125 days,7498.003607,465,315,5991,1404,4587,5455,1580,3875,0.75,29.0625,19.6875,374.4375,87.75,286.6875,340.9375,98.75,242.1875,150.0,536.0,9.375,33.5,ConfChamp,0.472656
New England Patriots,2016,122 days,9411.561279,441,250,6180,1872,4308,5223,1417,3806,0.875,27.5625,15.625,386.25,117.0,269.25,326.4375,88.5625,237.875,191.0,957.0,11.9375,59.8125,SuperBowlW,0.433594
New England Patriots,2017,125 days,9067.925855,458,296,6307,1889,4418,5856,1836,4020,0.8125,28.625,18.5,394.1875,118.0625,276.125,366.0,114.75,251.25,162.0,451.0,10.125,28.1875,SuperBowl,0.484375
New England Patriots,2018,122 days,5525.657031,436,325,6295,2037,4258,5746,1803,3943,0.6875,27.25,20.3125,393.4375,127.3125,266.125,359.125,112.6875,246.4375,111.0,549.0,6.9375,34.3125,SuperBowlW,0.476562
New England Patriots,2019,122 days,4936.894676,420,225,5664,1703,3961,4414,1528,2886,0.75,26.25,14.0625,354.0,106.4375,247.5625,275.875,95.5,180.375,195.0,1250.0,12.1875,78.125,WildCard,0.46875
New England Patriots,2020,122 days,12181.84943,326,353,5236,2346,2890,5660,2103,3557,0.4375,20.375,22.0625,327.25,146.625,180.625,353.75,131.4375,222.3125,-27.0,-424.0,-1.6875,-26.5,None,0.0429688
New Orleans Saints,2015,122 days,5922.599642,408,476,6461,1491,4970,6615,2071,4544,0.4375,25.5,29.75,403.8125,93.1875,310.625,413.4375,129.4375,284.0,-68.0,-154.0,-4.25,-9.625,None,0.503906
New Orleans Saints,2016,122 days,8195.394681,469,454,6816,1742,5074,6006,1626,4380,0.4375,29.3125,28.375,426.0,108.875,317.125,375.375,101.625,273.75,15.0,810.0,0.9375,50.625,None,0.519531
New Orleans Saints,2017,121 days,7051.336344,448,326,6259,2070,4189,5384,1787,3597,0.6875,28.0,20.375,391.1875,129.375,261.8125,336.5,111.6875,224.8125,122.0,875.0,7.625,54.6875,Division,0.535156
New Orleans Saints,2018,122 days,5918.397469,504,353,6067,2025,4042,5585,1283,4302,0.8125,31.5,22.0625,379.1875,126.5625,252.625,349.0625,80.1875,268.875,151.0,482.0,9.4375,30.125,ConfChamp,0.476562
New Orleans Saints,2019,121 days,7136.665444,458,341,5982,1738,4244,5329,1461,3868,0.8125,28.625,21.3125,373.875,108.625,265.25,333.0625,91.3125,241.75,117.0,653.0,7.3125,40.8125,WildCard,0.484375
New Orleans Saints,2020,122 days,6982.549361,482,337,6023,2265,3758,4974,1502,3472,0.75,30.125,21.0625,376.4375,141.5625,234.875,310.875,93.875,217.0,145.0,1049.0,9.0625,65.5625,Division,0.0390625
New York Giants,2015,122 days,6172.003017,420,442,5952,1609,4343,6725,1942,4783,0.375,26.25,27.625,372.0,100.5625,271.4375,420.3125,121.375,298.9375,-22.0,-773.0,-1.375,-48.3125,None,0.5
New York Giants,2016,122 days,6585.254518,310,284,5291,1412,3879,5435,1417,4018,0.6875,19.375,17.75,330.6875,88.25,242.4375,339.6875,88.5625,251.125,26.0,-144.0,1.625,-9.0,WildCard,0.480469
New York Giants,2017,122 days,11471.70792,246,388,5028,1549,3479,5971,1933,4038,0.1875,15.375,24.25,314.25,96.8125,217.4375,373.1875,120.8125,252.375,-142.0,-943.0,-8.875,-58.9375,None,0.53125
New York Giants,2018,122 days,7509.019584,369,412,5697,1650,4047,5942,1898,4044,0.3125,23.0625,25.75,356.0625,103.125,252.9375,371.375,118.625,252.75,-43.0,-245.0,-2.6875,-15.3125,None,0.527344
New York Giants,2019,122 days,4015.972624,341,451,5416,1685,3731,6037,1812,4225,0.25,21.3125,28.1875,338.5,105.3125,233.1875,377.3125,113.25,264.0625,-110.0,-621.0,-6.875,-38.8125,None,0.46875
New York Giants,2020,121 days,7950.923917,280,357,4794,1768,3026,5589,1782,3807,0.375,17.5,22.3125,299.625,110.5,189.125,349.3125,111.375,237.9375,-77.0,-795.0,-4.8125,-49.6875,None,0.046875
New York Jets,2015,122 days,7465.874849,387,314,5925,1868,4057,5098,1335,3763,0.625,24.1875,19.625,370.3125,116.75,253.5625,318.625,83.4375,235.1875,73.0,827.0,4.5625,51.6875,None,0.441406
New York Jets,2016,122 days,7987.286844,275,409,5268,1802,3466,5479,1581,3898,0.3125,17.1875,25.5625,329.25,112.625,216.625,342.4375,98.8125,243.625,-134.0,-211.0,-8.375,-13.1875,None,0.511719
New York Jets,2017,122 days,8224.519195,298,382,4884,1702,3182,5636,1887,3749,0.3125,18.625,23.875,305.25,106.375,198.875,352.25,117.9375,234.3125,-84.0,-752.0,-5.25,-47.0,None,0.519531
New York Jets,2018,121 days,4680.763298,333,441,4787,1622,3165,6086,2021,4065,0.25,20.8125,27.5625,299.1875,101.375,197.8125,380.375,126.3125,254.0625,-108.0,-1299.0,-6.75,-81.1875,None,0.5
New York Jets,2019,122 days,3348.091394,276,359,4368,1257,3111,5170,1391,3779,0.4375,17.25,22.4375,273.0,78.5625,194.4375,323.125,86.9375,236.1875,-83.0,-802.0,-5.1875,-50.125,None,0.472656
New York Jets,2020,122 days,10530.9548,243,457,4479,1683,2796,6201,1792,4409,0.125,15.1875,28.5625,279.9375,105.1875,174.75,387.5625,112.0,275.5625,-214.0,-1722.0,-13.375,-107.625,None,0.0390625
Philadelphia Eagles,2015,121 days,3404.056477,377,430,5830,1743,4087,6426,2153,4273,0.4375,23.5625,26.875,364.375,108.9375,255.4375,401.625,134.5625,267.0625,-53.0,-596.0,-3.3125,-37.25,None,0.515625
Philadelphia Eagles,2016,122 days,5631.484013,367,331,5398,1813,3585,5484,1652,3832,0.4375,22.9375,20.6875,337.375,113.3125,224.0625,342.75,103.25,239.5,36.0,-86.0,2.25,-5.375,None,0.550781
Philadelphia Eagles,2017,122 days,10186.05344,457,295,5852,2115,3737,4904,1267,3637,0.8125,28.5625,18.4375,365.75,132.1875,233.5625,306.5,79.1875,227.3125,162.0,948.0,10.125,59.25,SuperBowlW,0.460938
Philadelphia Eagles,2018,125 days,7370.378787,367,348,5845,1570,4275,5859,1551,4308,0.5625,22.9375,21.75,365.3125,98.125,267.1875,366.1875,96.9375,269.25,19.0,-14.0,1.1875,-0.875,Division,0.515625
Philadelphia Eagles,2019,122 days,5181.228533,385,354,5772,1939,3833,5307,1442,3865,0.5625,24.0625,22.125,360.75,121.1875,239.5625,331.6875,90.125,241.5625,31.0,465.0,1.9375,29.0625,WildCard,0.453125
Philadelphia Eagles,2020,122 days,7461.517439,334,418,5354,2027,3327,5810,2012,3798,0.25,20.875,26.125,334.625,126.6875,207.9375,363.125,125.75,237.375,-84.0,-456.0,-5.25,-28.5,None,0.0273438
Pittsburgh Steelers,2015,125 days,6581.629332,423,319,6327,1724,4603,5809,1459,4350,0.625,26.4375,19.9375,395.4375,107.75,287.6875,363.0625,91.1875,271.875,104.0,518.0,6.5,32.375,Division,0.503906
Pittsburgh Steelers,2016,121 days,2529.763317,399,327,5962,1760,4202,5482,1600,3882,0.6875,24.9375,20.4375,372.625,110.0,262.625,342.625,100.0,242.625,72.0,480.0,4.5,30.0,ConfChamp,0.488281
Pittsburgh Steelers,2017,122 days,3395.148518,406,308,6047,1667,4380,4910,1693,3217,0.8125,25.375,19.25,377.9375,104.1875,273.75,306.875,105.8125,201.0625,98.0,1137.0,6.125,71.0625,Division,0.453125
Pittsburgh Steelers,2018,122 days,6584.559181,428,360,6453,1445,5008,5235,1538,3697,0.5625,26.75,22.5,403.3125,90.3125,313.0,327.1875,96.125,231.0625,68.0,1218.0,4.25,76.125,None,0.5
Pittsburgh Steelers,2019,122 days,7526.935003,289,303,4428,1447,2981,4866,1753,3113,0.5,18.0625,18.9375,276.75,90.4375,186.3125,304.125,109.5625,194.5625,-14.0,-438.0,-0.875,-27.375,None,0.5
Pittsburgh Steelers,2020,121 days,3297.997416,416,312,5354,1351,4003,4893,1783,3110,0.75,26.0,19.5,334.625,84.4375,250.1875,305.8125,111.4375,194.375,104.0,461.0,6.5,28.8125,WildCard,0.00390625
San Francisco 49ers,2015,121 days,13822.14094,238,387,4860,1544,3316,6199,2020,4179,0.3125,14.875,24.1875,303.75,96.5,207.25,387.4375,126.25,261.1875,-149.0,-1339.0,-9.3125,-83.6875,None,0.539062
San Francisco 49ers,2016,121 days,12672.24454,309,480,4930,2019,2911,6502,2654,3848,0.125,19.3125,30.0,308.125,126.1875,181.9375,406.375,165.875,240.5,-171.0,-1572.0,-10.6875,-98.25,None,0.496094
San Francisco 49ers,2017,122 days,11870.61888,331,383,5587,1662,3925,5625,1861,3764,0.375,20.6875,23.9375,349.1875,103.875,245.3125,351.5625,116.3125,235.25,-52.0,-38.0,-3.25,-2.375,None,0.511719
San Francisco 49ers,2018,122 days,9162.08517,342,435,5769,1902,3867,5546,1814,3732,0.25,21.375,27.1875,360.5625,118.875,241.6875,346.625,113.375,233.25,-93.0,223.0,-5.8125,13.9375,None,0.5
San Francisco 49ers,2019,122 days,12708.92847,479,310,6097,2305,3792,4509,1802,2707,0.8125,29.9375,19.375,381.0625,144.0625,237.0,281.8125,112.625,169.1875,169.0,1588.0,10.5625,99.25,SuperBowl,0.5
San Francisco 49ers,2020,122 days,12695.01054,376,390,5922,1889,4033,5030,1703,3327,0.375,23.5,24.375,370.125,118.0625,252.0625,314.375,106.4375,207.9375,-14.0,892.0,-0.875,55.75,None,0.0117188
Seattle Seahawks,2015,122 days,12490.70868,423,277,6058,2268,3790,4668,1304,3364,0.625,26.4375,17.3125,378.625,141.75,236.875,291.75,81.5,210.25,146.0,1390.0,9.125,86.875,Division,0.523438
Seattle Seahawks,2016,122 days,13884.79981,354,292,5715,1591,4124,5099,1487,3612,0.625,22.125,18.25,357.1875,99.4375,257.75,318.6875,92.9375,225.75,62.0,616.0,3.875,38.5,Division,0.4375
Seattle Seahawks,2017,122 days,12865.22959,366,332,5286,1629,3657,5171,1824,3347,0.5625,22.875,20.75,330.375,101.8125,228.5625,323.1875,114.0,209.1875,34.0,115.0,2.125,7.1875,None,0.492188
Seattle Seahawks,2018,122 days,10365.7663,428,347,5653,2560,3093,5653,1811,3842,0.625,26.75,21.6875,353.3125,160.0,193.3125,353.3125,113.1875,240.125,81.0,0.0,5.0625,0.0,WildCard,0.480469
Seattle Seahawks,2019,122 days,13718.83897,405,398,5991,2200,3791,6106,1883,4223,0.6875,25.3125,24.875,374.4375,137.5,236.9375,381.625,117.6875,263.9375,7.0,-115.0,0.4375,-7.1875,Division,0.527344
Seattle Seahawks,2020,122 days,14439.84752,459,371,5912,1971,3941,6089,1529,4560,0.75,28.6875,23.1875,369.5,123.1875,246.3125,380.5625,95.5625,285.0,88.0,-177.0,5.5,-11.0625,WildCard,0.015625
Tampa Bay Buccaneers,2015,122 days,5638.848598,342,417,6014,2162,3852,5458,1606,3852,0.375,21.375,26.0625,375.875,135.125,240.75,341.125,100.375,240.75,-75.0,556.0,-4.6875,34.75,None,0.484375
Tampa Bay Buccaneers,2016,122 days,9610.111412,354,369,5542,1616,3926,5887,1875,4012,0.5625,22.125,23.0625,346.375,101.0,245.375,367.9375,117.1875,250.75,-15.0,-345.0,-0.9375,-21.5625,None,0.488281
Tampa Bay Buccaneers,2017,115 days,6930.459072,335,382,5814,1448,4366,6049,1880,4169,0.3125,20.9375,23.875,363.375,90.5,272.875,378.0625,117.5,260.5625,-47.0,-235.0,-2.9375,-14.6875,None,0.554688
Tampa Bay Buccaneers,2018,122 days,5961.338008,396,464,6648,1523,5125,6134,1983,4151,0.3125,24.75,29.0,415.5,95.1875,320.3125,383.375,123.9375,259.4375,-68.0,514.0,-4.25,32.125,None,0.519531
Tampa Bay Buccaneers,2019,122 days,7853.295275,458,449,6366,1521,4845,5503,1181,4322,0.4375,28.625,28.0625,397.875,95.0625,302.8125,343.9375,73.8125,270.125,9.0,863.0,0.5625,53.9375,None,0.496094
Tampa Bay Buccaneers,2020,122 days,7885.966926,492,355,6145,1519,4626,5234,1289,3945,0.6875,30.75,22.1875,384.0625,94.9375,289.125,327.125,80.5625,246.5625,137.0,911.0,8.5625,56.9375,SuperBowlW,0.0390625
Tennessee Titans,2015,122 days,4572.08464,299,423,4988,1485,3503,5508,1797,3711,0.1875,18.6875,26.4375,311.75,92.8125,218.9375,344.25,112.3125,231.9375,-124.0,-520.0,-7.75,-32.5,None,0.492188
Tennessee Titans,2016,122 days,5287.941142,381,378,5728,2187,3541,5720,1413,4307,0.5625,23.8125,23.625,358.0,136.6875,221.3125,357.5,88.3125,269.1875,3.0,8.0,0.1875,0.5,None,0.464844
Tennessee Titans,2017,122 days,6479.825419,334,356,5024,1833,3191,5248,1420,3828,0.5625,20.875,22.25,314.0,114.5625,199.4375,328.0,88.75,239.25,-22.0,-224.0,-1.375,-14.0,Division,0.433594
Tennessee Titans,2018,122 days,5985.529992,310,303,5002,2027,2975,5334,1863,3471,0.5625,19.375,18.9375,312.625,126.6875,185.9375,333.375,116.4375,216.9375,7.0,-332.0,0.4375,-20.75,None,0.519531
Tennessee Titans,2019,122 days,5344.431309,402,331,5805,2223,3582,5752,1672,4080,0.5625,25.125,20.6875,362.8125,138.9375,223.875,359.5,104.5,255.0,71.0,53.0,4.4375,3.3125,ConfChamp,0.488281
Tennessee Titans,2020,121 days,4495.416971,491,439,6343,2690,3653,6372,1933,4439,0.6875,30.6875,27.4375,396.4375,168.125,228.3125,398.25,120.8125,277.4375,52.0,-29.0,3.25,-1.8125,WildCard,0.0117188
Washington Commanders,2015,122 days,3547.206106,388,379,5661,4095,1566,6090,4128,1962,0.5625,24.25,23.6875,353.8125,255.9375,97.875,380.625,258.0,122.625,0.03515625,1.515625,0.002197265625,0.0947265625,WildCard,0.464844
Washington Commanders,2016,122 days,4876.005471,396,383,6454,4758,1696,6046,4130,1916,0.53125,24.75,23.9375,403.375,297.375,106.0,377.875,258.125,119.75,0.033203125,1.546875,0.002075195313,0.0966796875,None,0.511719
Washington Commanders,2017,122 days,10265.85677,342,388,5199,3751,1448,5566,3420,2146,0.4375,21.375,24.25,324.9375,234.4375,90.5,347.875,213.75,134.125,0.02734375,1.3359375,0.001708984375,0.08349609375,None,0.539062
Washington Commanders,2018,122 days,6414.034524,281,359,4795,3021,1774,5654,3794,1860,0.4375,17.5625,22.4375,299.6875,188.8125,110.875,353.375,237.125,116.25,0.02734375,1.09765625,0.001708984375,0.06860351563,None,0.484375
Washington Commanders,2019,122 days,4606.126478,266,435,4395,2812,1583,6162,3823,2339,0.1875,16.625,27.1875,274.6875,175.75,98.9375,385.125,238.9375,146.1875,0.01171875,1.0390625,0.000732421875,0.06494140625,None,0.5
Washington Commanders,2020,122 days,6720.168401,335,329,5076,3465,1611,4873,3068,1805,0.4375,20.9375,20.5625,317.25,216.5625,100.6875,304.5625,191.75,112.8125,0.02734375,1.30859375,0.001708984375,0.08178710938,WildCard,0.0351562
